{
    "$schema": "https://schema.management.azure.com/schemas/2015-01-01/deploymentParameters.json#",
    "contentVersion": "1.0.0.0",
    "parameters": {
        "name": {
            "value": "projectdatafactory1"
        },
        "version": {
            "value": "V2"
        },
        "location": {
            "value": "eastus"
        },
        "vNetEnabled": {
            "value": false
        },
        "publicNetworkAccess": {
            "value": true
        },
        "gitConfigureLater": {
            "value": true
        },
        "tagsByResource": {
            "value": {}
        },
        "userAssignedIdentitiesStr": {
            "value": "{\"type\": \"UserAssigned\", \"userAssignedIdentities\": {\"\": {}}}"
        },
        "enableCMK": {
            "value": false
        }
    }
}