{
    "$schema": "https://schema.management.azure.com/schemas/2015-01-01/deploymentParameters.json#",
    "contentVersion": "1.0.0.0",
    "parameters": {
        "name": {
            "value": "projectkeyvault1"
        },
        "location": {
            "value": "eastus"
        },
        "sku": {
            "value": "Standard"
        },
        "accessPolicies": {
            "value": [
                {
                    "objectId": "a96ac56b-59ca-4ff1-9447-61a1755c13a6",
                    "tenantId": "a4431f4b-c207-4733-9530-34c08a9b2b8d",
                    "permissions": {
                        "keys": [
                            "Get",
                            "List",
                            "Update",
                            "Create",
                            "Import",
                            "Delete",
                            "Recover",
                            "Backup",
                            "Restore"
                        ],
                        "secrets": [
                            "Get",
                            "List",
                            "Set",
                            "Delete",
                            "Recover",
                            "Backup",
                            "Restore"
                        ],
                        "certificates": [
                            "Get",
                            "List",
                            "Update",
                            "Create",
                            "Import",
                            "Delete",
                            "Recover",
                            "Backup",
                            "Restore",
                            "ManageContacts",
                            "ManageIssuers",
                            "GetIssuers",
                            "ListIssuers",
                            "SetIssuers",
                            "DeleteIssuers"
                        ]
                    },
                    "applicationId": ""
                }
            ]
        },
        "tenant": {
            "value": "a4431f4b-c207-4733-9530-34c08a9b2b8d"
        },
        "enabledForDeployment": {
            "value": false
        },
        "enabledForTemplateDeployment": {
            "value": false
        },
        "enabledForDiskEncryption": {
            "value": false
        },
        "enableRbacAuthorization": {
            "value": false
        },
        "enableSoftDelete": {
            "value": true
        },
        "softDeleteRetentionInDays": {
            "value": 90
        },
        "networkAcls": {
            "value": {
                "defaultAction": "allow",
                "bypass": "AzureServices",
                "ipRules": [],
                "virtualNetworkRules": []
            }
        }
    }
}